小区,价格（平方/元）
万科MIXTOWN,17817.00
绿地21新城,14075.00
金塘园,17108.00
颐景园,17260.00
可逸兰亭,15856.00
中航九方城,18937.00
花桥裕花园,16295.00
常发豪郡,11893.00
云山诗意,18115.00
鑫苑国际城市花园,15998.00
新城域花园,12645.00
首创悦都,13293.00
宇业•天逸华庭,11315.00
世茂东壹号（住宅）,15891.00
余向小区,5891.00
中南世纪城（玉山）,14245.00
罗马假日,15192.00
新华舍,16352.00
衡山城国际花园,15990.00
华润国际社区,21895.00
观湖壹号,23282.00
枫景苑(A至C区),11562.00
时代文化家园,21638.00
千灯裕花园,10919.00
印象欧洲,13506.00
张浦裕花园,11853.00
合生国际花园,11754.00
世茂东外滩,14817.00
上海裕花园,19605.00
江南理想,24508.00
农房英伦尊邸,11606.00
绿地21城·蓝湾,7692.00
中航城,16442.00
嘉业阳光水世界,18038.00
象屿珑庭,18864.00
棕榈湾,16780.00
凯德·都会新峰,25420.00
江南明珠苑,17345.00
昆城景苑,18507.00
香溢紫郡,13853.00
金湖银滩,11826.00
森林半岛,22634.00
新城柏丽湾,14277.00
嘉宝梦之城,17213.00
蚬江花园,7843.00
光大花园,15778.00
国润溪香米兰,13964.00
苏尚家园,13285.00
博威黄金海岸,20753.00
左岸尚海湾,15258.00
红杨花园,10431.00
云谷周庄,10597.00
建滔裕景园,13478.00
博奥苑,17552.00
风景英伦,20335.00
绿地21城滨江汇,16914.00
晨曦(南北)园,11820.00
绿中海,18755.00
白鹭湾,17441.00
黄浦君庭,11792.00
永丰大厦,10646.00
花苑新村,14356.00
上郡,8489.00
东城蓝郡,13132.00
樾城花园,12898.00
御翠湾,10129.00
萧林别墅,7250.00
金鹰天地,23277.00
巴比伦广场,17110.00
第一上海·菁英汇,12566.00
江南春堤玫瑰苑,10106.00
香榭水岸,21325.00
跃进新村,19663.00
泊仕楼,11337.00
吉田国际广场（住宅）,17597.00
同城光明捷座,19953.00
善景园,10473.00
三水萧林（住宅）,17376.00
碧悦湾,10567.00
同进君望,25155.00
香榭丽大道818号,10080.00
华润置地·昆玉九里,26405.00
晶蓝上城花园,11476.00
天成佳园（住宅）,19219.00
常发香城名园,15595.00
希望之城,14032.00
巴比伦花园,18178.00
新城花园,12626.00
韵湖国际,15992.00
苏豪国际广场,8888.00
秋泉小区,8108.00
淀山湖花园,14946.00
中星城际广场,18417.00
奥园印象高迪,11215.00
龙隐水庄,10497.00
浦园,9778.00
新城翡翠湾,15290.00
清风华院,24421.00
日月星城,11842.00
观林一品,23891.00
水秀江南,17436.00
澞和苑,21251.00
九扬香郡,23288.00
壹克拉,12438.00
换新小区,9267.00
外滩印象花园,15836.00
红峰新村,27218.00
金色森林,23767.00
国际艺术村,22756.00
花望新村,15121.00
启航社U时代,18576.00
心泊家园,10201.00
嘉馨花园,10998.00
大德世家,15814.00
茗景苑,9969.00
东方华庭,15429.00
东方丽池,12987.00
青江秀韵,17059.00
北大资源理城,13047.00
森隆·珑庭,12777.00
华敏世家花园,19428.00
象屿珑公馆,18000.00
财富湾,6943.00
中环时代,11565.00
世茂新界,8341.00
上海捷座,12093.00
徐公桥小区(一至二期),14675.00
怡馨苑,38888.00
森林别墅,46228.00
青城之恋,15072.00
琨城帝景园,14345.00
希悦庭公馆,14365.00
中大未来城,22397.00
东晶国际花园,17549.00
逸景湾,14303.00
花都艺墅,21798.00
隆祺丽景国际公寓,7146.00
东景苑,12988.00
翡翠名都,14231.00
新公馆花园,19731.00
杉欣花园,14117.00
品院公寓,13968.00
万丰苑,12969.00
游方弄小区,21698.00
同城·虹桥公馆,20175.00
中科苑,15504.00
佑林·泰极,10672.00
和风雅颂,22220.00
鸡鸣塘小区,10000.00
绅园别墅,15855.00
萧林公馆,9641.00
港龙财智国际,10201.00
城际雅苑,12945.00
锦景园,9897.00
四季阳光,10726.00
赵厍花园,15777.00
锦绣豪门,13851.00
沪士小区,10450.00
璞俪公馆,10144.00
宝城名邸,12380.00
富康花园,13629.00
阳澄春晓苑,12134.00
竹园四季花城,17478.00
夏桥家园,10728.00
两岸新天地,11398.00
水月周庄,17449.00
陈巷小区,12379.00
长顺滨江皇冠,18940.00
花园路770弄,12323.00
梅浦新村,13507.00
余项园,5606.00
云立方花园,14801.00
绿地世纪家园,14096.00
香馨花园,12843.00
招商新村,16512.00
金茂云庭（云公馆）,14258.00
摩卡小镇,13622.00
恒海国际高尔夫别墅,20079.00
君临天下,15476.00
和兴东城,15332.00
通澄花园（一至四期）,12831.00
凤凰城,13858.00
阳光世纪花园,14683.00
康城花园,16845.00
雍景湾西苑,19220.00
郁金香花园（别墅）,36313.00
鑫河湾,11019.00
黄浦家园,13779.00
神州通城西印象,12399.00
绿地21城滨江汇繁华里,16805.00
鑫苑世家,17279.00
GOHO悦城,12000.00
佳茂缘商务广场,9490.00
天福苑,13665.00
巴比伦国际广场,16522.00
中冶昆庭,10297.00
中宇花苑,17405.00
金城花园,13825.00
珠江新村,21917.00
大唐五星公寓,9746.00
淀辉锦园,12543.00
中寰广场,13298.00
夏驾园,11494.00
铭家•山水江南,14955.00
海上印象,11238.00
年丰花园,9864.00
水岸花园,13725.00
新城天地,18845.00
玖珑湾,21579.00
弘辉首玺,21118.00
秀峰新村,25000.00
锦隆佳园,12049.00
金水楼台,11143.00
青阳嘉苑,12097.00
祥和花园,16030.00
西桥新村,19003.00
杏园小区,21875.00
保昆公寓,13958.00
景江花园,14430.00
菊园（一至三村）,12211.00
绣衣东村,13724.00
金色港湾（住宅）,16495.00
三水萧林（别墅）,22394.00
阿里巴巴电子商务大厦,8983.00
栈泾梅苑,11170.00
光华糖果公元,11584.00
新城家园(城南),13416.00
湖畔林语,10409.00
昆城博奥苑,17516.00
金瑞家园,18426.00
摩玛自由城,7635.00
夏驾园华苑,11433.00
永共新村,11404.00
翡翠公馆,8108.00
卫丰小区,8675.00
碧水佳园,11160.00
光华时代,7838.00
舜江首府,10379.00
游站,12173.00
华强阳光新城,11051.00
萧林大厦,10442.00
马景园,9690.00
通达广场,12993.00
启发广场,15329.00
百灵佳苑,12093.00
东方国际广场,16452.00
仁宝新天地,14127.00
江南新村,22705.00
里厍新村（一至二村）,34100.00
富贵花园,14492.00
美华（一至三期）,12343.00
月盛花园,14554.00
朗晴园,14947.00
白杨湾国际公馆,8967.00
兆丰99•阳光新生活广场,14611.00
虹桥公寓,17238.00
玫瑰湾　,15089.00
叶泾小区,6451.00
万家汇,9809.00
大城小室,12727.00
南苑小区,9935.00
姜夏新村,10654.00
长江一品,6926.00
双湖湾别墅,24919.00
一泓蓝溪,16530.00
财富湾二期,6216.00
天润尚院,14921.00
城际风尚,12414.00
市北花园,9403.00
绿地21城樨桂园,19386.00
忆江南,13703.00
杨林小区,8867.00
现代广场,8147.00
优秀酒店公寓,9543.00
玉龙东村,13930.00
新兰园,13567.00
金山大厦,15100.00
许文塘,28985.00
天地华城,21847.00
金瑭珑沐湾（住宅）,13750.00
鑫茂东苑,10899.00
绿地孝贤坊,20326.00
萧景园,10165.00
江南春堤牡丹苑,9855.00
中城国际城市花园,16844.00
御澜湾,22335.00
杏花南苑,16990.00
秦峰广场,5128.00
绿地卡米小城,16561.00
绿地新瑅香公馆,24266.00
阳澄溢景苑,19211.00
新安花园,15873.00
建涛御花园,12107.00
品院别墅,22595.00
琨公馆,18539.00
黄埔家园,12977.00
卡布奇诺非常主角,13316.00
亿丰机电城,4737.00
建伟国际汽车城,6948.00
格林国际,10822.00
江南春堤二期,9380.00
察院前,26123.00
盛巷小区,10000.00
美吉特灯都,8863.00
中城商务广场,12581.00
珍兴国际大厦,12827.00
凤祥园（周市）,8476.00
虹桥新村,14545.00
红扬花园,10625.00
紫竹品苑,21746.00
东通山弄,31816.00
东苑新村,14026.00
龙泉山庄,17852.00
玉荷春天,21212.00
赛格国际公寓,17514.00
亚太广场,12158.00
育才新村,11934.00
泗泾湾小区,14204.00
美陆佳园,10746.00
箐华时代,12327.00
横泾别墅花园,15833.00
国际上湖花园,6432.00
玉龙西村,13051.00
锦江花园（一至二期）,8906.00
丽华园,13698.00
仓基园,20139.00
银都花园,11586.00
国际公馆,13257.00
滨江丽景,16464.00
梧桐广场,13295.00
新浦花园,12687.00
通澄美墅,18300.00
凯翔花园,14731.00
团结新村,19896.00
亭林新村,30943.00
清水湾住宅,14508.00
山水森林,18066.00
鱼尾狮玉峰山庄,28839.00
培江园,8782.00
水岸香堤,14261.00
嘉裕富士花园,16545.00
方正·名门,15656.00
文峰园,11784.00
百盛广场,11578.00
篷曦园,11617.00
淀山湖绅园,15695.00
凯迪公元,17241.00
梅苑小区,11500.00
南街商住楼,17740.00
风栖园,7765.00
中南山水湾,37684.00
百澜地,13816.00
中大简介,18963.00
依林家园,13815.00
大上海宝岛别墅,25263.00
苏尚帝景,14231.00
秦峰星尚,8861.00
恒海国际高尔夫花园,21381.00
阳光新城,10394.00
石浦南苑,9953.00
远东世纪花园,30833.00
云湖御墅,20885.00
邻里广场,6516.00
濂园新村,10850.00
珠竹花苑,11081.00
太平新村,7950.00
水榭蓝湾,10714.00
大德玲珑湾,14092.00
建伟新世界5.2loft,10248.00
国基城邦（住宅）,16625.00
绿城玫瑰园,32162.00
时代御湖,19395.00
青春岸线,15730.00
康桥小区,4523.00
绿地蓝湾,28301.00
柏庐北路小区,12159.00
采莲新村,27535.00
市民文化广场,22285.00
景锦园,9631.00
西苑新村,14530.00
中乐小区,8396.00
清水·依瓦诺小镇,7000.00
恒升花园,9938.00
美景园,9954.00
中泰大厦,7941.00
白云佳苑,14626.00
花桥新都,13333.00
珠海新村,12229.00
君子亭花园,11064.00
鼎园美墅,24374.00
三星小区,7659.00
景秀丽都广场,15468.00
香堤湾,16995.00
中大.简界,18152.00
留晖山庄,23711.00
天籁花园,14721.00
倚和园,12446.00
红峰一村,29432.00
密友新村,34279.00
中创泰和苑,18617.00
富华园（东西村）,12831.00
鹿城花园,13263.00
金都花园,13403.00
金澄花园,13838.00
宝岛花园别墅,26679.00
水秀艺墅,18840.00
火炬新村,12363.00
滨江花园,16200.00
丰华园,10574.00
同丰新村,13833.00
保昆新村,7693.00
清水湾别墅,28888.00
智慧城,14823.00
弥敦城（公寓）,12000.00
大上海小台北,23000.00
嘉信世纪大厦,9725.00
绿地苏河源,30303.00
蒋巷南苑,12289.00
熙岸铭郡,15510.00
耀江淀湖桃源,20109.00
华强阳光都城花园,10000.00
宝成国际大厦,11815.00
首创昆山奥特莱斯,13097.00
金旺角大厦,7341.00
华府庄园爱丁堡,14869.00
三合公寓,8737.00
汇智阳澄华庭住宅,8721.00
紫竹花园,9134.00
周庄桂花园,6000.00
周庄水韵花苑,9108.00
绿地大道双子楼,12796.00
夏驾园富苑,11477.00
嘉兴苑,13593.00
北门都市会,11649.00
栈泾兰苑,12064.00
好孩子公寓,11587.00
贵悦公寓酒店,5492.00
中华北村,11764.00
长丰新村,11018.00
柏悦商务大厦,10767.00
曙光新城,13508.00
秦都大厦,37837.00
汇宏新村,8750.00
大自然游艇别墅,28000.00
合生颐廷,14157.00
逸墅馆,25531.00
鑫湖坊,10649.00
宝成国际,10281.00
中茵世贸广场,10511.00
君悦花园,14558.00
衫欣小区,14474.00
东江花园,8703.00
美车城,12531.00
春江佳苑,12643.00
南华苑,15977.00
横泾新村,11642.00
中置花苑,15533.00
邵村北苑,12500.00
湖亭园,11288.00
教师楼,25657.00
尚书新村,9263.00
仪亭人家,10772.00
新都银座,13803.00
富荣花园,13152.00
紫怡花园,32292.00
同心新村,13886.00
杜桥景园,10525.00
汇丰商贸广场,8192.00
邵村（南，西）苑,12071.00
上湖酒店公寓,6250.00
月亮湾,8785.00
亲水佳苑,9783.00
阳澄苏园,20138.00
致源晴碧园,21120.00
昆阳花园,9510.00
华府庄园伯明翰,15287.00
嘉裕花园,12449.00
睦和花园,13052.00
鹿城广场,10559.00
假日花苑,19915.00
河左岸小区,13545.00
香樟园,29870.00
后塘花园,19573.00
仁和小区,12699.00
麒麟新村,29222.00
盛华园,12283.00
大众都市家园,19041.00
成和园,12016.00
幸福时光,12631.00
昆海花园,12606.00
环庆花园,12563.00
馨嘉园,13229.00
中华园（东西北）,12352.00
桃源新村,21607.00
紫竹公寓,12395.00
祝家厍新村,14427.00
梅园新村（玉山）,12430.00
江南春天,15343.00
水秀花园,12298.00
华懋大厦,11089.00
东辉缘,12037.00
星海花园（住宅）,20621.00
汇景公寓,15471.00
丽景花园,17340.00
澳宇花园,14903.00
昆城豪庭,15505.00
御墅临峰,25419.00
中城青竹苑,17279.00
国际模具城,7204.00
康悦小区,10865.00
尚千灯二期景红公寓,9371.00
荷玛诗湾,18980.00
裕元新天地广场,19560.00
杨巷小区,9793.00
绿地icity（国际社区）,16001.00
港佳公园里,13292.00
特福隆•御庭,15487.00
中城国际红梅苑,16674.00
桃园小区,8376.00
香馨佳园,12406.00
龙溪新村,10434.00
首创青旅·岛尚,16033.00
中创虞禾苑,19799.00
瑾润•九仰周庄,46038.00
梵高公寓,10033.00
世贸新界,8139.00
泓辉首玺,17137.00
港龙建材二期,12053.00
夏驾园祥苑,12209.00
夏驾园荣园,11737.00
正泰隆国际工贸城,9230.00
南湖秋月,14602.00
金邻花园,13794.00
江南春堤一期,9444.00
富贵广场,11472.00
淀山湖伸园,11777.00
舜江浅水湾,10808.00
南樾新村,13963.00
永泰花苑,18375.00
晶座,25751.00
娄苑路694号,11569.00
信义小区,7511.00
碧水佳园二期,10000.00
宏浦西园,8695.00
宏浦北园,8350.00
永平家园,11413.00
海树桦,10353.00
正阳大厦,19049.00
少卿东苑,9600.00
金山嘉园,12142.00
中地花园,10698.00
正仪银杏苑,9500.00
昆山张浦农行后住宅楼,8700.00
利民新村,11923.00
同心密友別墅,28612.00
晒谷场小区,23405.00
华纺易墅上海湾(别墅),19172.00
园丁新村,12041.00
南粮花园,11800.00
置地广场,20501.00
中城紫竹苑,21123.00
文静苑,13306.00
新都汇,10525.00
纳帕溪醍,19472.00
蓬朗东城,12164.00
锦溪古色房,26000.00
百岭公寓,12362.00
湖墅帕提欧,18676.00
东城世家,16228.00
中宇广场,14423.00
裕丰大厦,11796.00
嘉裕国际,7559.00
杏花北苑,11278.00
光明新村,14122.00
西园新村,23181.00
孝贤雅苑,18112.00
孝景雅苑,13414.00
春阳易居,12272.00
花家浜新村,13555.00
神童花苑,12046.00
阳澄花园,11467.00
启航社晶彩,26394.00
孝贤景苑,17379.00
新阳花园,20000.00
环庆商苑,6250.00
华强苑,9278.00
泰鸿花园,28348.00
莲花苑,15833.00
巴黎春天,19806.00
讯塘商苑,18942.00
震川东路小区,12089.00
娄苑路小区,12500.00
富柏大厦,20136.00
画家公寓,12584.00
永平花园,11867.00
尚东国际花苑,12347.00
陆电新村,10473.00
夹浦西村,12388.00
大唐东苑,8888.00
鑫达风和日丽,10945.00
富村苑,7608.00
上郡商业广场,7333.00
都会华庭,8572.00
炎武社区,7885.00
名人华城,9401.00
东江园,9634.00
钢峰新村,9050.00
卿峰丽景,16986.00
集善新村,14294.00
张浦镇小区,10299.00
怡荷新村,8849.00
华美达酒店公寓,6682.00
大市双洋小区,7893.00
浦西新村,9106.00
富都新村,8323.00
嘉鹿花园,26168.00
荷塘月色,23985.00
克拉水城,25236.00
泰泓花园,27582.00
金城北郡,15384.00
馨座,14709.00
名都花园,13430.00
顺城锦湖湾,11739.00
帝景天成,16131.00
西岸水城,9548.00
城南印象,14044.00
新舟小区,8827.00
白墅新村,12449.00
杨家弄小区,23700.00
交运小区,20026.00
柴王弄小区,31674.00
碧景苑,12037.00
李园新村,14375.00
竹园（一至二村）,12112.00
金凤凰小区,21611.00
时家园,28494.00
富士康花园,12100.00
集街西村,22467.00
千禧园,18464.00
中大易墅,28862.00
东方曼哈顿,17536.00
教师新村,13151.00
文峰公寓,11578.00
紫荆花园,13226.00
玉龙新村,13888.00
海峰公寓,12932.00
新苑花园,12916.00
满庭芳,13533.00
爱河小区,25064.00
夹浦新村,12909.00
爱华园,12470.00
水都南岸,10617.00
星海花园（别墅）,31569.00
卿峰丽景别墅,17776.00
港龙城商业广场三期,14130.00
绿地青青家园,18235.00
东庄绿岛,8927.00
箓溪新村,10204.00
平湖瑞园,22123.00
中诚红梅苑,17058.00
珠泾花园,13943.00
中楠都汇广场,21564.00
华府壹区,12192.00
果老弄,20000.00
天邻.湖景高尔夫乐园,17574.00
阳光新地,14705.00
秦峰公寓,8857.00
悠然雅居,19341.00
聚宝园,10782.00
淀山湖壹号,17616.00
福兴公馆,14278.00
民安小区,10717.00
宝城国际大厦,11363.00
北门路259号,11017.00
丽泽公寓,19200.00
板桥弄,25255.00
大华清水湾,19404.00
千灯艺墅,13131.00
庆枫花苑,12500.00
馨园小区,9881.00
曙光新城花园,13596.00
秦峰二村,9250.00
上郡别墅,9360.00
美吉特工业博览城,6909.00
周庄盛世明珠苑,11581.00
孝贤坊C区,21213.00
华强阳光都城中区,10617.00
东湖佳苑,13564.00
园明新村,11538.00
北柵湾,33225.00
邵村10期,13736.00
中华西村,12610.00
榭香名邸,12245.00
弘基财富广场,6016.00
城市酒店,28251.00
朝阳西路散盘,17855.00
大唐花园,9975.00
东方家园,11309.00
郡城北郡,14496.00
昆山柏庐中路,28333.00
蓬鑫铭邸,10957.00
宝领家园,15424.00
恒龙机电五金城,7074.00
南街小区,17812.00
留晖新村,18124.00
联谊花园,13137.00
花桥兴隆广场,14942.00
银龙园,8971.00
界新园,11250.00
阳光美地,13951.00
庆丰花园,12631.00
晟泰新村,12973.00
江南岸,8928.00
长泰淀湖观园(别墅),20078.00
县西新村,24184.00
梧桐栖凤商苑,12863.00
震川西路小区,15000.00
兰亭园,34917.00
太阳湖,17930.00
盛荣花园,13365.00
假日山庄,20908.00
泰和·双子座,22727.00
富仁小区,7991.00
阳澄湖世纪大楼,7800.00
杨子新村,18877.00
新美华园,12265.00
巴城烟雨新村,9761.00
翠里,17378.00
东方威尼斯,8502.00
上湖溪岸,7500.00
蔚蓝半岛,10571.00
清水佳苑,8888.00
澄苑花园别墅,21348.00
宝都公寓,13489.00
白蚬湖新村,7658.00
石浦兴浦家园,8000.00
大唐盛世广场,9628.00
榭乡名邸,13576.00
中楠锦绣家园,15719.00
宏浦东园,9220.00
黄浦花园,14077.00
柏庐二村,26186.00
碧湖苑,12909.00
富贵园,14693.00
金城商苑,21551.00
联谊新村,11818.00
蒋巷北苑,12125.00
玉荣广场,9736.00
名湖花园,11883.00
亲和佳苑,10178.00
禹园,24280.00
正阳一村,20757.00
丽泽新村,21604.00
龙邑花园别墅,15504.00
美琦新村,22272.00
大唐华庄,8081.00
大唐秦景湾,9873.00
申峰花苑,9667.00
高林水乡花园,9018.00
胜巷新村,16570.00
邵村家园,11956.00
合丰龙邑小区,11362.00
慈城公寓,7222.00
大市东庄新村,8127.00
水秀庭院,15116.00
丰泽里,12483.00
上澄人家,12979.00
天伦随园（独栋）,32229.00
望族商城,13208.00
海峰园,12340.00
虹桥大厦,17119.00
庆枫花园,12105.00
天地·美墅,14117.00
振华别墅,19249.00
东方新村,18376.00
明珠花园,12809.00
环北路小区,24174.00
萧林新村,12857.00
珠地小区,16875.00
双星叠座,10750.00
景阳新村,31837.00
新德小区,18222.00
北渔小区,11832.00
集街小区,22475.00
振华园,12343.00
蚕种场新村,20588.00
柏庐广场,20680.00
汇园小区,11413.00
格兰新村,12356.00
星海酒店公寓,17847.00
生化小区,30841.00
华泰花园,13664.00
中山村,16122.00
清华园,24427.00
集街东村,24180.00
玉城新村,12674.00
昆城中欣,20057.00
北门路209弄,12428.00
华茂大厦,10884.00
美馨嘉园,15174.00
合兴路小区,17250.00
杰座,20378.00
檀香园卡斯兰帝,23434.00
峰水佳苑,29634.00
乐华园,13072.00
华林花园,13303.00
北门别墅,24407.00
金柏大厦,9984.00
世茂蝶湖湾,11605.00
森隆•满园,10997.00
博雅景园,14230.00
康居新江南,24206.00
华德力公园壹号,10938.00
绿地启航社,18148.00
蓬曦园,12061.00
上海公馆（玉山）,15643.00
太仓碧桂园,12981.00
伯爵大地,24000.00
帝宝花园(杨树路508号),14961.00
长江花园,14761.00
滨江裕花园,18833.00
常发香城湾,16721.00
碧桂园世纪城,13817.00
高巢龙之天地花园,11764.00
凤栖园,9082.00
锦阳苑,19288.00
花溪公园里,9954.00
象屿都城,17231.00
花桥国际华城,18030.00
公元壹号,14150.00
新华舍（萧林西路82号）,16325.00
星汇兰亭,20655.00
荣丰锦园,10560.00
华城美地,11721.00
宝家丽公寓,10899.00
鑫都汇,17767.00
上海星城,10387.00
金仓华府,10260.00
花溪畔居,15393.00
顺城名湾,11032.00
森隆蓝波湾,10351.00
城市之光,15394.00
双阳新村,7812.00
绿地21城A区,27616.00
珠江御景,14787.00
观湖一号（萧林西路与观林路交汇处）,23292.00
雅居乐悠wo公园,10995.00
绿地21城C区,19266.00
时代中央社区,23224.00
昆山花园,15818.00
新城翡翠湾（古城北路668号）,15387.00
吉田国际广场（公寓）,11023.00
星海一城里,8164.00
绿地繁华里,16319.00
富力湾(别墅),18248.00
绿地21城E区,21124.00
东方假日城,13586.00
华强青春雅居,10571.00
湖滨花园,12000.00
柏庐新村,28757.00
凯迪城,20792.00
四季华城,14697.00
阿里山花园,19632.00
浦西玫瑰园,24996.00
莲创商务大厦(崂山路19号),12161.00
阳澄尚东(林场路),11979.00
悦上海,15942.00
富泽苑,10432.00
清华名城,10716.00
黄浦城市花园,14332.00
利得国际,11264.00
博悦广场,14105.00
江南境秀(博士路),23847.00
万达广场,14000.00
盛世明珠园,14141.00
银泰花园,15799.00
沙葛新村,11484.00
金谷园,21083.00
康怡园,14464.00
汉浦新村,17724.00
柏庐天下,12271.00
万科初见(长江北路999号),15890.00
博富街区,9952.00
纯翠,8522.00
世纪华城,22000.00
嘉和苑,12941.00
共青小区,18134.00
兴华园,12873.00
花溪公馆,26755.00
虹桥佳苑,17845.00
哥伦国际,10994.00
汉城国际(一至二期),11004.00
中城·国际花园,16855.00
枫情佳苑,10247.00
鑫茂花园,10740.00
自由都市,15782.00
黎明清境,15463.00
银泉新村,12606.00
尚城国际花园,14213.00
凯悦花园,20820.00
圣雅园·丽景,12769.00
君悦豪庭(长江中路168号),15669.00
象屿珑庭两岸贸易中心,16044.00
景瑞翡翠湾,13933.00
柏盛园,18777.00
中城嘉景庭,13393.00
园明东村,12417.00
淀湖桃源,19884.00
丽水湾,8681.00
协孚锦园,14536.00
青春驿站,11566.00
西湾新村,14546.00
月城湾新村,24585.00
昆山万达广场(商住楼),15053.00
金湾名邸,9740.00
新城郡尚海,20224.00
淀山花城,19457.00
蒋浦新村,10832.00
港浦小区,9786.00
金瑭珑沐湾（别墅）,15333.00
倚林佳园,17778.00
假日半岛,14285.00
半岛玲珑家园,9005.00
绿地21城B区,21918.00
金都安亭家园,23631.00
绿地21城D区,21513.00
佳茂缘城市空间,10202.00
银河新都,10737.00
铭流府邸,19188.00
阳光逸品,12370.00
金浦花园,14028.00
名城花园,9690.00
红峰二村,23071.00
盛典铭园,12816.00
扬子新村,19732.00
通山新村,28722.00
大公小区,12651.00
新大陆花园,13869.00
亭林山庄,27291.00
嘉禾花园,13019.00
中茵广场,9823.00
富力湾,17699.00
金鹰江韵名苑（东新街与黄河路交汇处）,21815.00
沪太锦苑,9389.00
月星公馆,8740.00
绿地康桥郡,21600.00
花桥公馆,11437.00
世茂东壹号(别墅),21655.00
仁心苑,10973.00
皓康小时代(昆北路),11980.00
香逸尚城花园,16908.00
博富尚城,11702.00
领峯国际,9743.00
黄城花园,14220.00
金茂花园,9432.00
大唐花苑,9204.00
纳帕·尔湾,18543.00
大唐奥斯汀,15823.00
华强阳光都城,10839.00
舜江碧水豪园,10566.00
太阳岛高尔夫别墅,26457.00
市北锦苑,10241.00
宝岛别墅,27057.00
春曦园,13074.00
宝岛丽园,24191.00
夏桥小区,10884.00
棕榈泉山庄,20721.00
春漪园,13874.00
好美家花园,13627.00
汛塘商苑,18362.00
怡景湾,22677.00
中冶昆庭商住楼(太湖中路18号),9110.00
昆山玉兰公馆(长江中路),23345.00
栈泾竹苑(沿沪大道),12244.00
金谷府邸,8695.00
凤祥园（巴城）,8535.00
礼和苑,10357.00
东城花苑三园,7280.00
雍景湾南苑,20000.00
万延晶品,7980.00
华府庄园,15168.00
夏驾园贵苑,11948.00
长江南路厂房,11066.00
长江绿岛,10984.00
江南春堤,9578.00
菁华时代,10229.00
海佳名邸,14740.00
沛绿园,31700.00
琼花新村,30138.00
朝阳新村,21371.00
时代名苑,13618.00
阳光昆城,15262.00
怡苑洋房,12885.00
锦华园,12386.00
中山新村,17000.00
南苑新村,14577.00
娄邑小区,30475.00
碧桂园天琴湾(陆璜公路),11615.00
茂月居(龙蚬路269号),9516.00
长顺城际英伦(站南路),13323.00
天成佳园（公寓）,15206.00
御溪雅苑,13557.00
恒源紫芸,18571.00
馨逸家园,9878.00
义和苑,10262.00
君悦豪庭,15797.00
富春坊,10507.00
金大元御珑宫廷,22527.00
神州通•北城新境,12138.00
嘉兴世纪大厦,8571.00
凤竹园,8967.00
淀湖鹿鸣九里,17425.00
白杨湾物流城,7777.00
锦溪花园,10000.00
临湖花园,10173.00
千灯老街小区,6416.00
鑫港花园,6727.00
汉堂,13830.00
茶凤新村,8891.00
华美达广场,11017.00
良景园,9912.00
千灯·逸墅,11545.00
玉熙山庄,30945.00
鸿禧山庄,12631.00
开心公寓,7164.00
东方花园,11159.00
春晖锦苑,13663.00
蓝海LaVíe,19129.00
泾河花园,12500.00
宾晞苑,29380.00
玉虹新村,18778.00
添馨阁,13366.00
景秀苑,12948.00
东方铭园,13299.00
胜利新村,11786.00
纽约之星,10000.00
豪门世家,21674.00
锦晟花园,14389.00
奥林苑,19204.00
锦上御府,16775.00
伟鹏金郡(光明路196号),17801.00
文豪花园(住宅),9851.00
江南水郡,13142.00
湖光里,14690.00
紫薇苑,6354.00
湖滨半岛公馆,9375.00
林溪湾,14326.00
石牌上社苑,9177.00
东方雅苑,10903.00
东创科技中心,8043.00
登豪酒店,10787.00
宝岛花园住宅,16323.00
农房悦墅,16494.00
大名城名郡,25458.00
绿地21城E区别墅,20963.00
周庄万盛园,15276.00
米筛巷,14147.00
司徒街,16493.00
蓬曦园浣花新村,11739.00
秦峰一村,8787.00
佳茂源商务广场,11594.00
陆家公园,11534.00
长寿路小区,8464.00
锦江别墅,11502.00
江浦新村,16687.00
梦莱茵,18057.00
福运马洛卡,19306.00
水韵花苑,9218.00
东恒翠园,9814.00
人和家园,9426.00
曹安花园,16518.00
宏图国际公寓,14839.00
绿地家世界,15853.00
恒源尚座,8593.00
锦绣港湾,8841.00
阳明山庄别墅,16436.00
影星度假村,21093.00
英郡,23578.00
锦绣蓝湾,24121.00
东辉铂领,17422.00
万廷晶品,5660.00
文景园,12449.00
腾龙阁,7011.00
绣衣新村,14189.00
新悦花园,9035.00
北门新村,12555.00
桃花源,24384.00
天华佳园,18684.00
秀景园,11415.00
需浦新村（东西村）,19722.00
合兴苑,12950.00
日康花园,24017.00
宁静花园,14612.00
新城家园(城北),12832.00
御景苑,18234.00
板桥新村,29101.00
永盛广场,14399.00
大同新村,13296.00
宝领新村,12993.00
绿洲家园,14004.00
城市绿洲,16246.00
雍景湾东苑,17743.00
金色港湾（别墅）,27160.00
澳洲阳光,14733.00
富阳新村,18041.00
中原佳苑,12364.00
昆北公寓,10600.00
东湖新村(淀兴路),11197.00
公园新村(公园路),13607.00
惠腾大厦(华杨路),12857.00
碧桂园柏悦湾(龙江路),12109.00
福运马洛卡三期福兴庄园（淀兴路555号）,15145.00
天伦随园(联排),21914.00
塞纳丽舍,5587.00
碧桂园•珑庭,12704.00
新舟•新沪紫郡,8293.00
东方雅苑,11685.00
淀新新村,13407.00
绿地海域•天境,17894.00
太仓人家,8900.00
森茂国际汽车广场,8087.00
绿地城,21553.00
名都花苑,12797.00
景湖花苑三区,5424.00
东方雅苑,11017.00
高成上海假日,10000.00
青春里小区,34484.00
淀湖芳华里,16222.00
You乐城,16714.00
国基城邦别墅,21280.00
乙丑弄33号,18643.00
城际景苑,12584.00
绿地21城A区别墅,25112.00
绿地21城B区别墅,23119.00
朗峰裕花园,18377.00
江南春堤展艺苑,9549.00
锦院,12173.00
东需浦,19687.00
佳盛花园,15789.00
双联国际,10676.00
河滨花园,12307.00
BOVO蔏墅,11428.00
美吉特SOHO,9321.00
堤展艺苑,10412.00
菉溪新村,12337.00
昆山淀山湖,14481.00
名湖家园,11648.00
陆家合丰佳茂缘小区,9917.00
茗湖花园,11029.00
桃园春天,11023.00
锦园新村,9793.00
天竺新村,7499.00
周厅弄,23788.00
丰泽湾,25076.00
东淀湖庄园,20797.00
凌湖随园,11848.00
宝卿花园,9420.00
鑫隆广场,14539.00
孔巷小区,12566.00
望山舒院,9944.00
银鹿新城,10211.00
环湖佳苑,9904.00
玉山胜境,34481.00
丰泽园,22972.00
大上海高尔夫别墅,29003.00
林湖别墅,38549.00
天成丽景,10969.00
知心花园,11247.00
秦都酒店公寓,36966.00
龙城雅居,21968.00
格兰公寓,9404.00
东方罗马,13524.00
绣东新村,13507.00
紫藤花园,26295.00
柏庐路小区,12443.00
汉林花园,14871.00
南庭嘉园,25000.00
枫丹御园,17039.00
后塘新村,18226.00
郁金香花园（住宅）,16558.00
北栅湾,31766.00
花园路小区,12330.00
景典铭园,13626.00
枫桥半岛,27728.00
圆明东村,13159.00
汇杰雅苑,15517.00
皇家花园,13817.00
银杏苑,9594.00
状元新村,19920.00
银洲花园,22230.00
丁香花园,13328.00
水月周庄(别墅),15080.00
华纺易墅上海湾,17635.00
秀水雅苑(三得利路),13736.00
诺丁公馆(印溪南路),11524.00
碧桂园天悦湾(兴业路30号),20000.00
弇州府(人民北路22号),12500.00
华海商务广场,9135.00
桃园新村（玉山西街与中山路交汇处）,22092.00
亿立广场,9421.00
紫金坊,7134.00
花园路767号,11668.00
凤和园,8448.00
淳大•香槟年华,14375.00
香缇雅苑,10907.00
中南世纪城（太仓）,14583.00
金纱馨苑,10841.00
日月光翠湖湾花园,17109.00
花园路沿街住宅,13149.00
滨河花园,20526.00
南洋壹号公馆,14031.00
莱茵半岛,11818.00
南苑西村,15193.00
爱知国际,10630.00
洋沙二村,5305.00
世家英伦,16615.00
奥森尚座,8313.00
上海花园,17613.00
通达财富广场,7773.00
金御湾,6801.00
太平新村,9846.00
上城国际,9891.00
金色江南家园,9595.00
万达广场,15807.00
桃园新村,20704.00
华盛二园,11000.00
华盛园,8711.00
盛世一品,15964.00
宝龙城市广场,9027.00
钟楼园,14109.00
佳兆业水岸华府,8423.00
上海公馆（太仓）,15416.00
东港滨河花苑,14135.00
星雨华府,18220.00
津华园,17473.00
南城水岸,14400.00
太丰小区,12720.00
宝龙花园,8506.00
景瑞荣御蓝湾,18181.00
高尔夫湖滨花苑,42105.00
大庆锦绣新城,12912.00
景秀江南,7569.00
盛洋城市花园,10532.00
温莎花园二期,6844.00
沙溪锦绣花园,14516.00
银河湾花园,9806.00
博海尚城,6953.00
听海雅苑,10250.00
瑞安御景苑,10695.00
北珊湾小区,32536.00
中山路,23184.00
凤晖园,9226.00
绿地21城D区公寓,21113.00
玉浪桥,8333.00
禾峰乾莊,13869.00
建伟新世界2期天寓,10888.00
虹桥光明捷座,20234.00
水利新村,11904.00
茗湖花苑,11397.00
沁香苑,8485.00
华达月光花园,8733.00
上君花园,7678.00
邵村9期,13652.00
人民南路38号,19361.00
藏园楼,7704.00
塑料新村,7843.00
石墩花园,12365.00
石礅新村,9111.00
药厂新村,12340.00
石牌西岸水城,9648.00
文昌路小区,8110.00
尚·千灯,9573.00
爱丽舍皇家,29629.00
望江新村,8976.00
千乐花园,8551.00
中宅,9591.00
中哲小区,11484.00
西高新村,11800.00
东湖水岸,15208.00
恒升新苑,9929.00
阳光新第,14286.00
合丰宜家花园,10978.00
益闵花园,9988.00
康宁公寓,8333.00
格林阳光,10215.00
石牌教师楼,8620.00
文豪花园(别墅),22733.00
碧波苑,11123.00
甘泉苑,10027.00
阳澄湖庄,19856.00
天使湾,29881.00
鹿澄天地,21175.00
澄湖水岸,19054.00
阳澄世纪花苑,14285.00
圣雅园·悦庭,12430.00
丽景江南,15644.00
天阔,12846.00
白领国际公寓,14602.00
天居华庭,20830.00
朝阳东村,19248.00
甲壳虫公寓,18279.00
友谊苑,9746.00
阳明欧洲花园,26865.00
朝阳西村,19084.00
虹桥花园,17894.00
宝领公寓,13529.00
新港湾花园,18813.00
团结村,19672.00
昆太花园,12033.00
天下一家,24934.00
盆渎新村,17611.00
兰园（一/二村）,12306.00
天生赢家,14893.00
银华园,26186.00
朝阳路小区,21926.00
人民路小区,16547.00
绿洲山语,29370.00
同富佳苑,14074.00
白领空间,13775.00
田林苑,14578.00
樾阁花园,27321.00
景枫嘉苑,15264.00
得易家,12734.00
金邻花苑,13862.00
新城丽园,14224.00
朝阳广场,19709.00
华尔兹花园,13265.00
威尼斯花园,23157.00
长泰淀湖观园,15598.00
水月周庄,14184.00
水乡明珠庄园(大桥路666号),10220.00
文萃园(中山路),20270.00
锦博佳园(学院路),8762.00
上海悦公馆(迎福北路66号),9659.00
兰德莱茵城市广场(北京东路77号),7142.00
五洋商城公寓(五洋大道),3400.00
康乐新村（长春南路与隆福寺弄交叉口）,10454.00
汇智阳澄华庭别墅,10588.00
骏园时代广场,6997.00
浙通名力.桃花岛,14166.00
中茵中央公馆,11111.00
浏河镇文化商业广场,11764.00
北上海假日广场,13956.00
富景苑,7316.00
汇金广场,15000.00
建湖花苑,9450.00
湖宾半岛,12156.00
曼氏银州,7516.00
山海•丽景苑,5839.00
裕沁庭,19598.00
高尔夫鑫城,9387.00
怡景南园,7692.00
浙建太和丽都,3289.00
盛大花苑,13974.00
雅鹿臻园,15789.00
西城朴墅,16049.00
德兴二村,12327.00
阳光北苑,8649.00
世外桃园,9640.00
丽景嘉园,15944.00
通洋花园,14361.00
万鸿丽舍,13300.00
恒隆世家,6658.00
江南花园,10020.00
一品建筑,22916.00
洋沙雅苑,11224.00
万鸿城市华庭,9186.00
景都花苑,9090.00
漂白池园,6113.00
阳光花苑,20000.00
马家地园,9716.00
北门一村,9444.00
盛发园,14615.00
中央帝景,16273.00
城市花园,11363.00
武陵街小区,8333.00
南城雅苑,6941.00
阳光美地,13216.00
玉兰花园,21428.00
新世纪花园,9620.00
桃园四村,12545.00
东仓三期,9358.00
洋沙一村,11692.00
新洋花园,10208.00
向阳小区,12242.00
惠阳二村,13608.00
南珠花园别墅,10666.00
南珠园,13587.00
昌平小区,15966.00
国泰花园别墅,49664.00
恒荣泰广场,17236.00
洋沙三村,11691.00
华阳星城,12100.00
桃园别墅,10210.00
曼式银州花园,7119.00
人民二村,11615.00
果园一村,12835.00
皇家丽晶,5882.00
华侨公寓,8825.00
福乐园,9735.00
华盛五园,6154.00
梅园新村（太仓）,12500.00
月亮河新村,9935.00
南洋丽都,21359.00
惠阳一村,11912.00
景瑞望府,17355.00
五洋广场,10000.00
北京园,9876.00
世纪广场,8870.00
东盛·商业广场,12244.00
香花公寓,13586.00
海弘里外滩,11372.00
人民新村,12643.00
新天地小区,10296.00
景仓苑,11461.00
华盛六园,9839.00
彩虹花苑,8544.00
南园新村,15517.00
